-100,1.20890263840926e-05
-99.5,1.22410591065755e-05
-99,1.23955503354461e-05
-98.5,1.25525479042381e-05
-98,1.27121007179936e-05
-97.5,1.28742587799966e-05
-97,1.30390732192289e-05
-96.5,1.32065963185674e-05
-96,1.33768815437461e-05
-95.5,1.35499835731031e-05
-95,1.37259583281353e-05
-94.5,1.39048630048843e-05
-94,1.40867561061761e-05
-93.5,1.427169747474e-05
-93,1.44597483272312e-05
-92.5,1.46509712891828e-05
-92,1.4845430430914e-05
-91.5,1.50431913044212e-05
-91,1.52443209812809e-05
-90.5,1.5448888091592e-05
-90,1.56569628639884e-05
-89.5,1.58686171667514e-05
-89,1.60839245500535e-05
-88.5,1.63029602893663e-05
-88,1.65258014300641e-05
-87.5,1.67525268332598e-05
-87,1.69832172229051e-05
-86.5,1.72179552341929e-05
-86,1.74568254632988e-05
-85.5,1.76999145184981e-05
-85,1.79473110726992e-05
-84.5,1.81991059174318e-05
-84,1.84553920183327e-05
-83.5,1.87162645721692e-05
-83,1.89818210654466e-05
-82.5,1.92521613346405e-05
-82,1.95273876281035e-05
-81.5,1.98076046696902e-05
-81,2.00929197241503e-05
-80.5,2.03834426643389e-05
-80,2.06792860402944e-05
-79.5,2.09805651502363e-05
-79,2.12873981135359e-05
-78.5,2.15999059457152e-05
-78,2.19182126355293e-05
-77.5,2.22424452241906e-05
-77,2.25727338867922e-05
-76.5,2.29092120159928e-05
-76,2.32520163080231e-05
-75.5,2.3601286851078e-05
-75,2.39571672161579e-05
-74.5,2.43198045504279e-05
-74,2.46893496731588e-05
-73.5,2.50659571743228e-05
-73,2.54497855159119e-05
-72.5,2.58409971360527e-05
-72,2.6239758555991e-05
-71.5,2.66462404900207e-05
-71,2.70606179584351e-05
-70.5,2.74830704035781e-05
-70,2.79137818090744e-05
-69.5,2.83529408223217e-05
-69,2.88007408803261e-05
-68.5,2.92573803389643e-05
-68,2.97230626057607e-05
-67.5,3.01979962762628e-05
-67,3.06823952741049e-05
-66.5,3.11764789948491e-05
-66,3.16804724536932e-05
-65.5,3.21946064371374e-05
-65,3.27191176587018e-05
-64.5,3.32542489187877e-05
-64,3.38002492687766e-05
-63.5,3.43573741794608e-05
-63,3.49258857139006e-05
-62.5,3.55060527048023e-05
-62,3.60981509365118e-05
-61.5,3.67024633317187e-05
-61,3.73192801429638e-05
-60.5,3.79488991490433e-05
-60,3.85916258564019e-05
-59.5,3.92477737056031e-05
-59,3.99176642829674e-05
-58.5,4.06016275374619e-05
-58,4.13000020029237e-05
-57.5,4.20131350256977e-05
-57,4.27413829977624e-05
-56.5,4.34851115954125e-05
-56,4.42446960235639e-05
-55.5,4.50205212657371e-05
-55,4.58129823397685e-05
-54.5,4.66224845592907e-05
-54,4.74494438010118e-05
-53.5,4.82942867778129e-05
-53,4.91574513176699e-05
-52.5,5.00393866483911e-05
-52,5.09405536881454e-05
-51.5,5.1861425341736e-05
-51,5.28024868025555e-05
-50.5,5.37642358601334e-05
-50,5.47471832131592e-05
-49.5,5.57518527878355e-05
-49,5.67787820613836e-05
-48.5,5.78285223904797e-05
-48,5.89016393443664e-05
-47.5,5.99987130423298e-05
-47,6.11203384951803e-05
-46.5,6.226712595032e-05
-46,6.34397012399053e-05
-45.5,6.46387061315452e-05
-45,6.58647986808887e-05
-44.5,6.71186535853594e-05
-44,6.84009625381953e-05
-43.5,6.97124345818271e-05
-43,7.10537964595039e-05
-42.5,7.24257929639206e-05
-42,7.38291872814422e-05
-41.5,7.52647613303291e-05
-41,7.6733316091166e-05
-40.5,7.82356719274581e-05
-40,7.97726688941044e-05
-39.5,8.13451670311608e-05
-39,8.29540466399814e-05
-38.5,8.46002085384579e-05
-38,8.62845742916691e-05
-37.5,8.80080864137863e-05
-37,8.97717085365693e-05
-36.5,9.15764255392062e-05
-36,9.3423243633596e-05
-35.5,9.53131903984558e-05
-35,9.72473147548044e-05
-34.5,9.92266868744694e-05
-34,0.000101252398012232
-33.5,0.000103325560251079
-33,0.000105447306148735
-32.5,0.000107618788272216
-32,0.000109841178605517
-31.5,0.000112115667813751
-31,0.000114443464345019
-30.5,0.000116825793349042
-30,0.00011926389538906
-29.5,0.00012175902492067
-29,0.000124312448508169
-28.5,0.000126925442745416
-28,0.000129599291844413
-27.5,0.000132335284850422
-27,0.000135134712437711
-26.5,0.000137998863234718
-26,0.000140929019621617
-25.5,0.00014392645293687
-25,0.000146992418022375
-24.5,0.000150128147029172
-24,0.000153334842397414
-23.5,0.000156613668915393
-23,0.000159965744752852
-22.5,0.000163392131353702
-22,0.000166893822062597
-21.5,0.000170471729348813
-21,0.000174126670479617
-20.5,0.000177859351484117
-20,0.000181670349237782
-19.5,0.000185560091487798
-19,0.000189528834630888
-18.5,0.000193576639048808
-18,0.000197703341803435
-17.5,0.000201908526494384
-17,0.000206191490088779
-16.5,0.000210551206546998
-16,0.000214986287091844
-15.5,0.000219494937004172
-15,0.000224074908878147
-14.5,0.000228723452337159
-14,0.000233437260300242
-13.5,0.000238212412002123
-13,0.000243044313111147
-12.5,0.000247927633461563
-12,0.000252856243122368
-11.5,0.000257823147765633
-11,0.00026282042457256
-10.5,0.000267839160222811
-10,0.000272869392845793
-9.5,0.000277900060161716
-9,0.000282918956390278
-8.5,0.000287912700835401
-8,0.000292866721339383
-7.5,0.000297765256007291
-7,0.000302591376696423
-6.5,0.000307327037707419
-6,0.000311953152865552
-5.5,0.000316449703709817
-5,0.000320795880791099
-4.5,0.000324970259111786
-4,0.00032895100753119
-3.5,0.000332716130552022
-3,0.000336243739356503
-2.5,0.000339512347363415
-2,0.000342501184034264
-1.5,0.000345190519280295
-1,0.000347561989721355
-0.5,0.000349598917314546
0,0.000351286610570498
0.5,0.000352612638737935
1,0.00035356706995771
1.5,0.000354142665427212
2,0.000354335023013054
2.5,0.000354142665427212
3,0.00035356706995771
3.5,0.000352612638737935
4,0.000351286610570497
4.5,0.000349598917314546
5,0.000347561989721354
5.5,0.000345190519280295
6,0.000342501184034263
6.5,0.000339512347363416
7,0.000336243739356503
7.5,0.000332716130552022
8,0.00032895100753119
8.5,0.000324970259111786
9,0.000320795880791098
9.5,0.000316449703709817
10,0.000311953152865552
10.5,0.000307327037707419
11,0.000302591376696423
11.5,0.000297765256007291
12,0.000292866721339382
12.5,0.000287912700835402
13,0.000282918956390278
13.5,0.000277900060161716
14,0.000272869392845793
14.5,0.000267839160222811
15,0.00026282042457256
15.5,0.000257823147765633
16,0.000252856243122369
16.5,0.000247927633461563
17,0.000243044313111147
17.5,0.000238212412002123
18,0.000233437260300242
18.5,0.000228723452337159
19,0.000224074908878147
19.5,0.000219494937004172
20,0.000214986287091844
20.5,0.000210551206546997
21,0.000206191490088779
21.5,0.000201908526494384
22,0.000197703341803435
22.5,0.000193576639048808
23,0.000189528834630888
23.5,0.000185560091487798
24,0.000181670349237782
24.5,0.000177859351484117
25,0.000174126670479617
25.5,0.000170471729348813
26,0.000166893822062597
26.5,0.000163392131353702
27,0.000159965744752852
27.5,0.000156613668915393
28,0.000153334842397414
28.5,0.000150128147029172
29,0.000146992418022375
29.5,0.00014392645293687
30,0.000140929019621617
30.5,0.000137998863234719
31,0.000135134712437711
31.5,0.000132335284850422
32,0.000129599291844413
32.5,0.000126925442745416
33,0.000124312448508169
33.5,0.00012175902492067
34,0.00011926389538906
34.5,0.000116825793349042
35,0.000114443464345019
35.5,0.000112115667813751
36,0.000109841178605517
36.5,0.000107618788272216
37,0.000105447306148735
37.5,0.000103325560251079
38,0.000101252398012232
38.5,9.92266868744694e-05
39,9.72473147548044e-05
39.5,9.53131903984558e-05
40,9.3423243633596e-05
40.5,9.15764255392061e-05
41,8.97717085365693e-05
41.5,8.80080864137862e-05
42,8.62845742916691e-05
42.5,8.46002085384579e-05
43,8.29540466399814e-05
43.5,8.13451670311608e-05
44,7.97726688941044e-05
44.5,7.82356719274581e-05
45,7.6733316091166e-05
45.5,7.52647613303292e-05
46,7.38291872814422e-05
46.5,7.24257929639205e-05
47,7.10537964595038e-05
47.5,6.97124345818271e-05
48,6.84009625381953e-05
48.5,6.71186535853595e-05
49,6.58647986808887e-05
49.5,6.46387061315452e-05
50,6.34397012399054e-05
50.5,6.22671259503201e-05
51,6.11203384951804e-05
51.5,5.99987130423298e-05
52,5.89016393443664e-05
52.5,5.78285223904797e-05
53,5.67787820613837e-05
53.5,5.57518527878356e-05
54,5.47471832131591e-05
54.5,5.37642358601335e-05
55,5.28024868025555e-05
55.5,5.1861425341736e-05
56,5.09405536881454e-05
56.5,5.00393866483911e-05
57,4.91574513176698e-05
57.5,4.82942867778129e-05
58,4.74494438010119e-05
58.5,4.66224845592907e-05
59,4.58129823397684e-05
59.5,4.50205212657371e-05
60,4.42446960235639e-05
