-100,1.20746926694972e-05
-99,1.24053258610959e-05
-98,1.2670112259649e-05
-97,1.3010283879877e-05
-96,1.33896179763722e-05
-95,1.36753020560979e-05
-94,1.4000503963163e-05
-93,1.43859346685486e-05
-92,1.47875090016686e-05
-91,1.52465012847908e-05
-90,1.56705024205485e-05
-89,1.60556774325075e-05
-88,1.64728931153795e-05
-87,1.69675038196049e-05
-86,1.74375689690065e-05
-85,1.7833523018399e-05
-84,1.83142593999155e-05
-83,1.89602329567337e-05
-82,1.95761467246088e-05
-81,2.00985198974448e-05
-80,2.0762217592252e-05
-79,2.12815913854672e-05
-78,2.16972005314769e-05
-77,2.24447258744735e-05
-76,2.33240617036285e-05
-75,2.40690842828938e-05
-74,2.47821775651888e-05
-73,2.55295362088757e-05
-72,2.62815215770832e-05
-71,2.69654064204658e-05
-70,2.77267680052259e-05
-69,2.86396902333863e-05
-68,2.95519928002569e-05
-67,3.05298531587686e-05
-66,3.1703605033959e-05
-65,3.2809868201838e-05
-64,3.37815018100508e-05
-63,3.48657059647482e-05
-62,3.6101409539634e-05
-61,3.74136392002287e-05
-60,3.87711156256189e-05
-59,4.00882801985511e-05
-58,4.13234613791756e-05
-57,4.25286204709995e-05
-56,4.41800532768297e-05
-55,4.59920591917205e-05
-54,4.75620991919313e-05
-53,4.88492881722153e-05
-52,5.04412002399726e-05
-51,5.24119410263891e-05
-50,5.45843986687522e-05
-49,5.66309290873387e-05
-48,5.88487554576888e-05
-47,6.12025916045631e-05
-46,6.3428726058149e-05
-45,6.57245815345887e-05
-44,6.80767560498395e-05
-43,7.07162905899568e-05
-42,7.36945420281233e-05
-41,7.6873058038377e-05
-40,8.00687709103281e-05
-39,8.34156947173322e-05
-38,8.69846837538575e-05
-37,9.05006477232269e-05
-36,9.38629733153198e-05
-35,9.72424610641268e-05
-34,0.000100889393317964
-33,0.000105138872702026
-32,0.000109773227007655
-31,0.000114496633441735
-30,0.000119582421500856
-29,0.000124578351666221
-28,0.00012910344617651
-27,0.000134930293224675
-26,0.000141803249415981
-25,0.000146941062720833
-24,0.000152281300547374
-23,0.000160248755901973
-22,0.000168470999547766
-21,0.000175678111179946
-20,0.000181387038740929
-19,0.000187593541801551
-18,0.000196506661219092
-17,0.000206037568743744
-16,0.000215406640749098
-15,0.00022528666461877
-14,0.000235232567503743
-13,0.00024476771107814
-12,0.000255230102883437
-11,0.000264692017259637
-10,0.000273382070694076
-9,0.000283922895035049
-8,0.000294271722939803
-7,0.000303232986183656
-6,0.00031224226229674
-5,0.000321466173411606
-4,0.000328720275123198
-3,0.000335244444474477
-2,0.000342317717542457
-1,0.00034712246362276
0,0.000350549353252173
1,0.000352808757813389
2,0.000353615140153664
3,0.00035256895207549
4,0.000350685153740429
5,0.000347706771804322
6,0.000342299741181638
7,0.000333965789287011
8,0.00032747643149069
9,0.000320841128924704
10,0.000313715723339593
11,0.000304111037456006
12,0.000293233083036205
13,0.000283378960443256
14,0.000274152087189872
15,0.000263847460116023
16,0.000252363681078446
17,0.000242106527267929
18,0.00023420577205647
19,0.000226563563974774
20,0.000217280050317679
21,0.000207093353460101
22,0.000198842011534884
23,0.000190724174503302
24,0.000182565778004828
25,0.000174656719686663
26,0.000167202327846912
27,0.000160186066367023
28,0.00015325980348901
29,0.000147367220762762
30,0.00014221285972407
31,0.000136279824656317
32,0.000130657621929024
33,0.000125471843132857
34,0.000119901783079055
35,0.000114531335052265
36,0.000109665149138541
37,0.000104908841420983
38,0.000100636968122873
39,9.70516759112622e-05
40,9.37053384053618e-05
41,9.0114687186548e-05
42,8.62903164231316e-05
43,8.28555739014503e-05
44,7.98771127178229e-05
45,7.68875183021388e-05
46,7.39364751615561e-05
47,7.08730340101872e-05
48,6.79925454600936e-05
49,6.57019578296442e-05
50,6.33269629498767e-05
51,6.08367378899491e-05
52,5.84098976398231e-05
53,5.62591164746357e-05
54,5.48727677637671e-05
55,5.28674302723247e-05
56,5.10883537816884e-05
57,4.94840527085258e-05
58,4.73274833867796e-05
59,4.57130769937731e-05
60,4.42845720888217e-05
