0,0,0.00027339920396164
0.25,-1.34837960444004e-06,0.000273313537623822
0.5,-2.57329371732132e-06,0.000273161160306424
0.75,-3.79519299673671e-06,0.000273007154011637
1,-5.01709227615209e-06,0.000272853147716851
1.25,-6.22879023411873e-06,0.000272694680554049
1.5,-7.43311336547769e-06,0.000272532988502367
1.75,-8.63743649683666e-06,0.000272371296450685
2,-9.96546960494774e-06,0.000272568236357566
2.25,-1.12893474390881e-05,0.000272939760154829
2.5,-1.26132252732285e-05,0.000273311283952093
2.75,-1.39382236991114e-05,0.000273671251925592
3,-1.53039853929143e-05,0.000273610858832527
3.25,-1.6643985451215e-05,0.000273573492774468
3.5,-1.79669112955978e-05,0.000273551388500603
3.75,-1.92898371399806e-05,0.000273529284226739
4,-2.06256745327552e-05,0.000273400256004585
4.25,-2.19594118438186e-05,0.000273249882324328
4.5,-2.32428482237379e-05,0.000272862562538458
4.75,-2.45262846036572e-05,0.00027247524275259
5,-2.59132127945137e-05,0.000272633534517279
5.25,-2.73064992455983e-05,0.000272825347197201
5.5,-2.86034889949518e-05,0.000273045368288894
5.75,-2.99183298983373e-05,0.000273145184029526
6,-3.13087409449098e-05,0.0002729173023518
6.25,-3.26991519914822e-05,0.000272689420674075
6.5,-3.41098744524818e-05,0.000272476018206538
6.75,-3.55620293049353e-05,0.000272292151264776
7,-3.70141841573889e-05,0.000272108284323015
7.25,-3.83884853631198e-05,0.00027190148671211
7.5,-3.97512316023957e-05,0.000271691285752442
7.75,-4.15376835359332e-05,0.000271613669749308
8,-4.30734099231742e-05,0.000271597025740267
8.25,-4.44641657280901e-05,0.000271614229156119
8.5,-4.5854921533006e-05,0.000271631432571972
8.75,-4.72871137481607e-05,0.000271627021184793
9,-4.88271529777631e-05,0.000271582934583801
9.25,-5.03671922073656e-05,0.000271538847982808
9.5,-5.1907231436968e-05,0.000271494761381815
9.75,-5.35227860540888e-05,0.00027106564444124
10,-5.51429962834235e-05,0.000270604539433446
10.25,-5.67632065127582e-05,0.000270143434425652
10.5,-5.8431161995307e-05,0.000269649604234538
10.75,-6.02934368125162e-05,0.000269022585183366
11,-6.21855534790885e-05,0.0002684735702888
11.25,-6.41932093591057e-05,0.000268226565460364
11.5,-6.58352733145177e-05,0.0002679078254842
11.75,-6.74069066379217e-05,0.000267575265859821
12,-6.91311363699545e-05,0.000267174767608681
12.25,-7.09013727749063e-05,0.000266482513432817
12.5,-7.2671609179858e-05,0.000265790259256954
12.75,-7.44617648186522e-05,0.000265061347037621
13,-7.62482189379125e-05,0.000264390136001604
13.25,-7.8019592955039e-05,0.000263755977113337
13.5,-7.97727249897997e-05,0.000263096737735432
13.75,-8.12530871666766e-05,0.000262062473239269
14,-8.27334493435534e-05,0.000261028208743107
14.25,-8.42107053830598e-05,0.000260026159299942
14.5,-8.58099997875582e-05,0.000259094950945758
14.75,-8.78406507393795e-05,0.000258641033393659
15,-8.98825407060312e-05,0.000258205623355615
15.25,-9.1875682199589e-05,0.000257538597805127
15.5,-9.36594430036848e-05,0.000255876755133016
15.75,-9.54432038077807e-05,0.000254214912460905
16,-9.68054222993462e-05,0.000252750847606603
16.25,-9.81005164712043e-05,0.000251318275916996
16.5,-9.96994151577513e-05,0.000250255112975762
16.75,-0.000101313544527573,0.000249246647074528
17,-0.000102688783918247,0.000248355056750109
17.25,-0.000104064023308921,0.000247463466425691
17.5,-0.000105436348894835,0.000246509017329475
17.75,-0.000106778248011632,0.000244898185724128
18,-0.000108115112456178,0.000243262980283544
18.25,-0.000109421097513243,0.000241478281675347
18.5,-0.000110727082570309,0.00023969358306715
18.75,-0.000112033067627375,0.000237908884458954
19,-0.000113534352900236,0.00023645462629677
19.25,-0.000114829093451907,0.000234953731446739
19.5,-0.000116123834003578,0.000233452836596709
19.75,-0.000117418574555249,0.000231951941746678
20,-0.000118713315106919,0.000230451046896648
20.25,-0.000120012025391209,0.000228950646499996
20.5,-0.000121235454994642,0.000227293233098075
20.75,-0.000122462693684344,0.000225638165591115
21,-0.000123689932374047,0.000223983098084154
21.25,-0.000124917171063749,0.000222328030577193
21.5,-0.000126015470873824,0.000220345009924063
21.75,-0.000127055254016923,0.000218213153441949
22,-0.000128106795934925,0.000216471362141731
22.25,-0.000129159377327633,0.000214764052570362
22.5,-0.000129945158786374,0.000213074303692338
22.75,-0.000130712077259277,0.000211385796370501
23,-0.00013147899573218,0.000209697289048664
23.25,-0.000132245914205084,0.000208008781726826
23.5,-0.00013304612034536,0.000206332940367293
23.75,-0.000133811247549293,0.000204477027501212
24,-0.000134950006961623,0.000202682153594163
24.25,-0.000136088766373953,0.000200887279687114
24.5,-0.000137159686891243,0.000199030911173885
24.75,-0.000138063478779807,0.00019702304388996
25,-0.000138935221016031,0.00019502901537574
25.25,-0.000139464415309099,0.000193213802911974
25.5,-0.000139937443934682,0.00019147398491841
25.75,-0.000140410472560265,0.000189734166924846
26,-0.000140883501185848,0.000187994348931282
26.25,-0.000141356529811431,0.000186254530937718
26.5,-0.000141847648024861,0.000184500727708526
26.75,-0.000142623938590973,0.000182589424960295
27,-0.000143416142314735,0.000180697016920802
27.25,-0.000144208346038498,0.000178804608881308
27.5,-0.000144857916238219,0.000176980167793669
27.75,-0.000145346341408081,0.000175190153201641
28,-0.000145834766577944,0.000173400138609614
28.25,-0.00014632933799632,0.00017154231183105
28.5,-0.000146796251405693,0.000169551864956762
28.75,-0.00014726098619695,0.000167560121459052
29,-0.000147695986841226,0.000165281185291588
29.25,-0.000147990821768301,0.000163286563753323
29.5,-0.000148208077282181,0.000161458757295456
29.75,-0.000148602516125063,0.000159794220204645
30,-0.000149066978390814,0.000158194207694082
30.25,-0.000149531440656566,0.000156594195183518
30.5,-0.000149893508379085,0.000154922465994557
30.75,-0.000150179098551486,0.00015316721353864
31,-0.000150321459364851,0.00015109964390058
31.25,-0.000150636018659125,0.000148967416797694
31.5,-0.000150950577953399,0.000146835189694806
31.75,-0.000151283552772311,0.000144812324720771
32,-0.000151528999238349,0.000143184941856427
32.25,-0.000151773349611521,0.000141577501371961
32.5,-0.000152017699984694,0.000139970060887495
32.75,-0.000152191536328328,0.00013807525076731
33,-0.000152323373683661,0.000136009279900138
33.25,-0.000152451882564595,0.00013394917174517
33.5,-0.000152536663243483,0.000131987859952295
33.75,-0.000152652224857243,0.000130253615923986
34,-0.000152767786471003,0.000128519371895677
34.25,-0.000152883348084763,0.000126785127867367
34.5,-0.000152998909698523,0.000125050883839059
34.75,-0.000153051140989548,0.000123187173862945
35,-0.000153025165302858,0.000121169705923028
35.25,-0.000152999189616168,0.000119152237983111
35.5,-0.000152959373771751,0.000117123878528572
35.75,-0.000153212435710873,0.000115406667179182
36,-0.000153438489112471,0.000113676656176972
36.25,-0.000153625541284572,0.000111808409219316
36.5,-0.000153646798197664,0.000109352517555979
36.75,-0.0001534656488091,0.00010719065377911
37,-0.000153229179004847,0.000105313172764565
37.25,-0.000153231264215466,0.000103643397346314
37.5,-0.000153068000545432,0.000101873169361101
37.75,-0.000152904736875399,0.000100102941375887
38,-0.000152741473205365,9.83327133906737e-05
38.25,-0.000152634648037355,9.6482643952666e-05
38.5,-0.000152705290347295,9.4468636268815e-05
38.75,-0.000152805574242436,9.27579039355405e-05
39,-0.000152905858137576,9.10471716022664e-05
39.25,-0.000153023699180285,8.93095824755767e-05
39.5,-0.000153143577511157,8.75688769527183e-05
39.75,-0.000153103024370291,8.56949841569673e-05
40,-0.000152572562701002,8.36470573199985e-05
40.25,-0.000152110952615808,8.18037828081676e-05
40.5,-0.000151655073991055,7.99775443125749e-05
40.75,-0.000151199195366303,7.81513058169821e-05
41,-0.000150720401780443,7.63755607442094e-05
41.25,-0.000150236175976006,7.4611785637645e-05
41.5,-0.000149866407184696,7.2701625872926e-05
41.75,-0.000149604768949728,7.07488995633096e-05
42,-0.000149393115391272,6.87779662237794e-05
42.25,-0.000149181461832814,6.68070328842487e-05
42.5,-0.00014877821547369,6.49593086513085e-05
42.75,-0.000148380063270229,6.3164150999484e-05
43,-0.000148052046802355,6.13594474879336e-05
43.25,-0.000147715584433062,5.95528382173201e-05
43.5,-0.000147329996744757,5.77351441592561e-05
43.75,-0.000146895675997978,5.58111567485288e-05
44,-0.000146276380350557,5.39003949997883e-05
44.25,-0.000145520129755315,5.20403067668115e-05
44.5,-0.000144763879160074,5.01802185338351e-05
44.75,-0.000144008253772031,4.82786467486389e-05
45,-0.000143298859635626,4.61919084160671e-05
45.25,-0.000142998080230721,4.40368536916011e-05
45.5,-0.000142697300825815,4.18817989671349e-05
45.75,-0.00014214644579968,4.01250019789063e-05
46,-0.000141479128287794,3.8553677231837e-05
46.25,-0.000140859507538552,3.69652357733596e-05
46.5,-0.000140344746764562,3.53391637120108e-05
46.75,-0.000139827875651596,3.37099703306929e-05
47,-0.000139273584622921,3.20254306136732e-05
47.25,-0.000138538677490378,3.01394108176714e-05
47.5,-0.000137386536514794,2.778796016668e-05
47.75,-0.000136082069860228,2.59534748622213e-05
48,-0.000134751220469911,2.42085277120346e-05
48.25,-0.000133480906732613,2.2463892510703e-05
48.5,-0.000132683437685161,2.07089231754822e-05
48.75,-0.000131912738376624,1.89805612721761e-05
49,-0.000131142039068088,1.725219936887e-05
49.25,-0.000130107515225023,1.54485972276979e-05
49.5,-0.000128741251451124,1.35503860261877e-05
49.75,-0.000127619107505139,1.18939671651567e-05
50,-0.000127043752762894,1.07798322013656e-05
50.25,-0.000126454280286635,9.64228671198869e-06
50.5,-0.000125277110659379,7.53020103089474e-06
50.75,-0.000124198924978975,5.4273249987007e-06
51,-0.000123404386287056,3.35084000524459e-06
51.25,-0.000122023117182916,1.58283972988158e-06
51.5,-0.000120484378651489,-1.02367987136622e-07
51.75,-0.000119034620138361,-1.71141550371386e-06
52,-0.000117812569875362,-3.12556189186816e-06
52.25,-0.000116596568020378,-4.50057878679592e-06
52.5,-0.000115360722951784,-5.85040536243545e-06
52.75,-0.000114110133398948,-7.18735744864836e-06
53,-0.000112859543846112,-8.52430953486121e-06
53.25,-0.000111608954293276,-9.86126162107413e-06
53.5,-0.00011035836474044,-1.1198213707287e-05
53.75,-0.000109128108789468,-1.23953931527494e-05
54,-0.000107875485202717,-1.36382496571094e-05
54.25,-0.0001065370993368,-1.50636970006927e-05
54.5,-0.000105198713470884,-1.6489144344276e-05
54.75,-0.0001035267291045,-1.77678961127591e-05
55,-0.000101866604220959,-1.90302762636875e-05
55.25,-0.000100279242349021,-2.02795864451997e-05
55.5,-9.86918804770822e-05,-2.15288966267119e-05
55.75,-9.70651441792452e-05,-2.26935643035112e-05
56,-9.54043478585733e-05,-2.37850137535359e-05
