0,-4.35932017102796e-07,0.000272869392845793
0.1,-9.4036837140188e-07,0.000272866012624586
0.2,-1.44487005414529e-06,0.000272862603718472
0.3,-1.94947192892021e-06,0.000272859163348784
0.4,-2.45420882063076e-06,0.000272855688039025
0.5,-2.95911551119112e-06,0.00027285217361406
0.6,-3.46422673514109e-06,0.000272848615199101
0.7,-3.96957717517325e-06,0.000272845007218463
0.8,-4.47520145756019e-06,0.000272841343394105
0.9,-4.98113414747058e-06,0.000272837616743956
1,-5.48740974416275e-06,0.000272833819580036
1.1,-5.99406267604439e-06,0.000272829943506363
1.2,-6.50112729558696e-06,0.000272825979416653
1.3,-7.00863787408316e-06,0.000272821917491839
1.4,-7.51662859623609e-06,0.000272817747197372
1.5,-8.02513355456843e-06,0.000272813457280353
1.6,-8.53418674363985e-06,0.000272809035766466
1.7,-9.04382205406113e-06,0.000272804469956742
1.8,-9.55407326629285e-06,0.000272799746424141
1.9,-1.00649740442172e-05,0.000272794851009984
2,-1.05765579284708e-05,0.000272789768820206
2.1,-1.1088858329526e-05,0.000272784484221467
2.2,-1.160190852051e-05,0.000272778980837124
2.3,-1.21157416297481e-05,0.000272773241543054
2.4,-1.263039063302e-05,0.000272767248463362
2.5,-1.31458883455167e-05,0.000272760982965958
2.6,-1.36622674134855e-05,0.000272754425658041
2.7,-1.41795603055516e-05,0.000272747556381469
2.8,-1.46977993037031e-05,0.000272740354208055
2.9,-1.52170164939284e-05,0.000272732797434781
3,-1.57372437564925e-05,0.000272724863578943
3.1,-1.6258512755841e-05,0.000272716529373262
3.2,-1.67808549301197e-05,0.000272707770760942
3.3,-1.73043014802967e-05,0.000272698562890711
3.4,-1.78288833588772e-05,0.000272688880111857
3.5,-1.83546312581966e-05,0.000272678695969267
3.6,-1.88815755982827e-05,0.000272667983198497
3.7,-1.94097465142741e-05,0.00027265671372088
3.8,-1.9939173843384e-05,0.000272644858638691
3.9,-2.04698871113988e-05,0.000272632388230405
4,-2.10019155187009e-05,0.000272619271946037
4.1,-2.1535287925804e-05,0.000272605478402619
4.2,-2.20700328383938e-05,0.00027259097537981
4.3,-2.26061783918615e-05,0.000272575729815678
4.4,-2.3143752335324e-05,0.000272559707802669
4.5,-2.36827820151201e-05,0.000272542874583789
4.6,-2.42232943577761e-05,0.000272525194549037
4.7,-2.47653158524342e-05,0.000272506631232097
4.8,-2.53088725327356e-05,0.00027248714730733
4.9,-2.58539899581546e-05,0.000272466704587095
5,-2.64006931947775e-05,0.000272445264019426
5.1,-2.69490067955241e-05,0.000272422785686097
5.2,-2.74989547798078e-05,0.00027239922880111
5.3,-2.80505606126339e-05,0.000272374551709637
5.4,-2.86038471831354e-05,0.000272348711887456
5.5,-2.91588367825464e-05,0.000272321665940909
5.6,-2.97155510816186e-05,0.000272293369607433
5.7,-3.02740111074811e-05,0.000272263777756683
5.8,-3.08342372199526e-05,0.000272232844392308
5.9,-3.13962490873111e-05,0.000272200522654397
6,-3.19600656615321e-05,0.000272166764822665
6.1,-3.25257051530059e-05,0.000272131522320388
6.2,-3.30931850047472e-05,0.000272094745719164
6.3,-3.36625218661139e-05,0.000272056384744511
6.4,-3.42337315660517e-05,0.000272016388282378
6.5,-3.48068290858862e-05,0.000271974704386585
6.6,-3.53818285316855e-05,0.000271931280287264
6.7,-3.59587431062186e-05,0.000271886062400322
6.8,-3.65375850805389e-05,0.000271838996337996
6.9,-3.71183657652245e-05,0.000271790026920528
7,-3.77010954813102e-05,0.00027173909818901
7.1,-3.82857835309492e-05,0.000271686153419456
7.2,-3.88724381678453e-05,0.00027163113513813
7.3,-3.94610665675015e-05,0.000271573985138188
7.4,-4.00516747973324e-05,0.000271514644497666
7.5,-4.0644267786692e-05,0.000271453053598871
7.6,-4.12388492968738e-05,0.000271389152149198
7.7,-4.18354218911408e-05,0.00027132287920343
7.8,-4.24339869048487e-05,0.000271254173187549
7.9,-4.30345444157307e-05,0.00027118297192409
8,-4.36370932144108e-05,0.000271109212659084
8.1,-4.42416307752236e-05,0.000271032832090603
8.2,-4.48481532274162e-05,0.00027095376639895
8.3,-4.54566553268137e-05,0.000270871951278498
8.4,-4.60671304280351e-05,0.000270787321971216
8.5,-4.66795704573452e-05,0.000270699813301885
8.6,-4.72939658862376e-05,0.000270609359715013
8.7,-4.79103057058398e-05,0.000270515895313459
8.8,-4.85285774022412e-05,0.00027041935389876
8.9,-4.91487669328416e-05,0.000270319669013161
9,-4.97708587038241e-05,0.00027021677398332
9.1,-5.03948355488552e-05,0.000270110601965687
9.2,-5.10206787091193e-05,0.000270001085993518
9.3,-5.16483678147923e-05,0.000269888159025482
9.4,-5.22778808680634e-05,0.00026977175399584
9.5,-5.29091942278112e-05,0.000269651803866131
9.6,-5.35422825960409e-05,0.000269528241678298
9.7,-5.41771190061892e-05,0.000269401000609214
9.8,-5.48136748133989e-05,0.000269270014026501
9.9,-5.54519196868666e-05,0.000269135215545579
10,-5.60918216043598e-05,0.000268996539087842
10.1,-5.67333468489984e-05,0.000268853918939862
10.2,-5.73764600083902e-05,0.000268707289813499
10.3,-5.80211239762032e-05,0.000268556586906818
10.4,-5.86672999562536e-05,0.000268401745965657
10.5,-5.93149474691773e-05,0.000268242703345734
10.6,-5.99640243617508e-05,0.000268079396075127
10.7,-6.06144868189094e-05,0.000267911761916994
10.8,-6.12662893785117e-05,0.000267739739432347
10.9,-6.19193849488786e-05,0.000267563268042748
11,-6.25737248291318e-05,0.000267382288092722
11.1,-6.32292587323393e-05,0.000267196740911735
11.2,-6.38859348114646e-05,0.000267006568875544
11.3,-6.45436996881058e-05,0.000266811715466741
11.4,-6.52024984839909e-05,0.000266612125334306
11.5,-6.58622748551867e-05,0.000266407744351983
11.6,-6.65229710289631e-05,0.000266198519675299
11.7,-6.71845278432359e-05,0.000265984399797036
11.8,-6.78468847885043e-05,0.000265765334600991
11.9,-6.85099800521755e-05,0.000265541275413835
12,-6.91737505651598e-05,0.000265312175054923
12.1,-6.9838132050607e-05,0.000265077987883878
12.2,-7.05030590746333e-05,0.000264838669845821
12.3,-7.11684650988858e-05,0.000264594178514086
12.4,-7.18342825347696e-05,0.000264344473130318
12.5,-7.25004427991585e-05,0.000264089514641831
12.6,-7.31668763713967e-05,0.000263829265736136
12.7,-7.38335128513926e-05,0.000263563690872553
12.8,-7.45002810185972e-05,0.000263292756310854
12.9,-7.51671088916565e-05,0.000263016430136897
13,-7.58339237885206e-05,0.000262734682285218
13.1,-7.65006523867951e-05,0.000262447484558586
13.2,-7.71672207841181e-05,0.00026215481064454
13.3,-7.78335545583486e-05,0.000261856636128942
13.4,-7.84995788273593e-05,0.00026155293850661
13.5,-7.91652183082316e-05,0.000261243697189104
13.6,-7.98303973756621e-05,0.000260928893509776
13.7,-8.04950401193994e-05,0.000260608510726191
13.8,-8.11590704005446e-05,0.000260282534020061
13.9,-8.18224119065654e-05,0.000259950950494845
14,-8.248498820489e-05,0.000259613749171178
14.1,-8.31467227949659e-05,0.000259270920980323
14.2,-8.38075391586924e-05,0.000258922458755811
14.3,-8.44673608091536e-05,0.000258568357223505
14.4,-8.51261113376064e-05,0.000258208612990259
14.5,-8.5783714458697e-05,0.000257843224531406
14.6,-8.64400940539087e-05,0.000257472192177272
14.7,-8.7095174213265e-05,0.000257095518098929
14.8,-8.77488792753394e-05,0.000256713206293384
14.9,-8.84011338656413e-05,0.000256325262568405
15,-8.90518629334788e-05,0.000255931694527153
15.1,-8.97009917874123e-05,0.000255532511552808
15.2,-9.03484461294396e-05,0.000255127724793317
15.3,-9.09941520880657e-05,0.000254717347146412
15.4,-9.16380362504277e-05,0.000254301393245
15.5,-9.22800256936634e-05,0.000253879879443006
15.6,-9.29200480157102e-05,0.00025345282380175
15.7,-9.35580313657418e-05,0.000253020246076851
15.8,-9.4193904474442e-05,0.000252582167705703
15.9,-9.48275966843235e-05,0.000252138611795472
16,-9.54590379802885e-05,0.000251689603111564
16.1,-9.6088159020627e-05,0.000251235168066491
16.2,-9.67148911686333e-05,0.000250775334709003
16.3,-9.73391665250096e-05,0.000250310132713374
16.4,-9.79609179612042e-05,0.000249839593368647
16.5,-9.85800791538143e-05,0.000249363749567678
16.6,-9.91965846201551e-05,0.00024888263579575
16.7,-9.98103697550734e-05,0.000248396288118535
16.8,-0.000100421370869051,0.000247904744169175
16.9,-0.000101029525227612,0.00024740804313421
17,-0.000101634771092022,0.000246906225738104
17.1,-0.000102237047761214,0.000246399334226106
17.2,-0.000102836295614873,0.000245887412345183
17.3,-0.00010343245615753,0.00024537050532277
17.4,-0.00010402547206354,0.00024484865984309
17.5,-0.000104615287222725,0.000244321924020817
17.6,-0.000105201846786481,0.000243790347371872
17.7,-0.000105785097214083,0.000243253980781154
17.8,-0.00010636498631892,0.000242712876467061
17.9,-0.000106941463314344,0.000242167087942664
18,-0.000107514478858831,0.000241616669973431
18.1,-0.000108083985100086,0.00024106167853146
18.2,-0.00010864993571778,0.000240502170746184
18.3,-0.000109212285964514,0.000239938204851592
18.4,-0.000109770992704698,0.000239369840130001
18.5,-0.000110326014450952,0.00023879713685252
18.6,-0.000110877311397701,0.000238220156216328
18.7,-0.000111424845451621,0.000237638960278981
18.8,-0.000111968580258621,0.000237053611889965
18.9,-0.000112508481227063,0.000236464174619776
19,-0.000113044515546968,0.000235870712686836
19.1,-0.000113576652204955,0.000235273290882583
19.2,-0.000114104861994738,0.000234671974495108
19.3,-0.000114629117523002,0.000234066829231734
19.4,-0.000115149393210559,0.000233457921140953
19.5,-0.000115665665288713,0.000232845316534158
19.6,-0.000116177911790802,0.000232229081907596
19.7,-0.000116686112538952,0.000231609283865004
19.8,-0.000117190249126112,0.000230985989041365
19.9,-0.000117690304893485,0.000230359264028215
20,-0.00011818626490354,0.000229729175300927
20.1,-0.000118678115908791,0.000229095789148382
20.2,-0.00011916584631663,0.000228459171605396
20.3,-0.00011964944615047,0.000227819388388266
20.4,-0.000120128907007571,0.000227176504833731
20.5,-0.000120604222013865,0.000226530585841656
20.6,-0.000121075385776211,0.000225881695821649
20.7,-0.00012154239433245,0.00022522989864381
20.8,-0.000122005245099711,0.000224575257593769
20.9,-0.0001224639368214,0.000223917835332093
21,-0.00012291846951329,0.000223257693858112
21.1,-0.000123368844409179,0.000222594894478162
21.2,-0.000123815063906521,0.000221929497778195
21.3,-0.000124257131512464,0.000221261563600643
21.4,-0.000124695051790673,0.000220591151025397
21.5,-0.000125128830309326,0.000219918318354706
21.6,-0.000125558473590619,0.00021924312310177
21.7,-0.000125983989062082,0.000218565621982749
21.8,-0.000126405385009991,0.000217885870911899
21.9,-0.000126822670535084,0.000217203924999509
22,-0.000127235855510796,0.000216519838552281
22.1,-0.000127644950544119,0.000215833665075814
22.2,-0.000128049966939208,0.000215145457278797
22.3,-0.000128450916663763,0.000214455267078555
22.4,-0.000128847812318191,0.000213763145607563
22.5,-0.000129240667107502,0.00021306914322057
22.6,-0.000129629494815843,0.00021237330950199
22.7,-0.000130014309783541,0.000211675693273218
22.8,-0.000130395126886491,0.000210976342599571
22.9,-0.000130771961517665,0.00021027530479658
23,-0.000131144829570525,0.000209572626435395
23.1,-0.000131513747424075,0.000208868353347073
23.2,-0.00013187873192926,0.000208162530625625
23.3,-0.000132239800396433,0.000207455202629646
23.4,-0.000132596970583572,0.000206746412982494
23.5,-0.000132950260684945,0.000206036204570949
23.6,-0.000133299689319924,0.000205324619542363
23.7,-0.000133645275521628,0.000204611699300364
23.8,-0.00013398703872515,0.000203897484499183
23.9,-0.000134324998755063,0.000203182015036744
24,-0.00013465917581199,0.000202465330046684
24.1,-0.000134989590458025,0.000201747467889477
24.2,-0.000135316263600811,0.000201028466142919
24.3,-0.00013563921647614,0.000200308361592185
24.4,-0.000135958470628973,0.000199587190219755
24.5,-0.000136274047892801,0.000198864987195461
24.6,-0.000136585970367326,0.000198141786866955
24.7,-0.000136894260394486,0.000197417622750878
24.8,-0.000137198940532868,0.000196692527525021
24.9,-0.000137500033530609,0.000195966533021735
25,-0.000137797562296936,0.000195239670222865
25.1,-0.000138091549872485,0.00019451196925644
25.2,-0.000138382019398631,0.000193783459395325
25.3,-0.000138668994086055,0.00019305416905803
25.4,-0.000138952497182793,0.000192324125811824
25.5,-0.000139232551942056,0.000191593356378259
25.6,-0.000139509181590119,0.000190861886641207
25.7,-0.000139782409294559,0.00019012974165741
25.8,-0.00014005225813318,0.000189396945669574
25.9,-0.000140318751063901,0.000188663522121935
26,-0.00014058191089592,0.000187929493678228
26.1,-0.000140841760262439,0.000187194882241911
26.2,-0.000141098321595217,0.000186459708978508
26.3,-0.000141351617101194,0.00018572399433983
26.4,-0.000141601668741403,0.000184987758089887
26.5,-0.000141848498212364,0.000184251019332179
26.6,-0.000142092126930107,0.000183513796538124
26.7,-0.000142332576016939,0.000182776107576294
26.8,-0.000142569866291034,0.000182037969742128
26.9,-0.000142804018258867,0.000181299399787827
27,-0.000143035052110502,0.000180560413952066
27.1,-0.000143262987717665,0.000179821027989205
27.2,-0.000143487844634518,0.000179081257197679
27.3,-0.000143709642100995,0.00017834111644725
27.4,-0.000143928399048538,0.000177600620204838
27.5,-0.000144144134108005,0.000176859782558656
27.6,-0.000144356865619535,0.000176118617240412
27.7,-0.000144566611644085,0.000175377137645374
27.8,-0.000144773389976349,0.000174635356850126
27.9,-0.000144977218158757,0.000173893287627874
28,-0.000145178113496222,0.00017315094246122
28.1,-0.000145376093071303,0.00017240833355235
28.2,-0.000145571173759453,0.000171665472830632
28.3,-0.000145763372244016,0.000170922371957651
28.4,-0.000145952705030653,0.00017017904232978
28.5,-0.000146139188460887,0.000169435495078386
28.6,-0.000146322838724476,0.000168691741067844
28.7,-0.000146503671870351,0.000167947790891556
28.8,-0.00014668170381588,0.000167203654866188
28.9,-0.000146856950354259,0.000166459343024407
29,-0.000147029427159856,0.000165714865106374
29.1,-0.000147199149791388,0.000164970230550315
29.2,-0.000147366133692836,0.000164225448482467
29.3,-0.000147530394192056,0.000163480527706741
29.4,-0.000147691946497088,0.000162735476694405
29.5,-0.000147850805690198,0.000161990303574136
29.6,-0.000148006986719742,0.000161245016122732
29.7,-0.000148160504389971,0.000160499621756803
29.8,-0.00014831137334895,0.000159754127525705
29.9,-0.000148459608074769,0.000159008540105992
30,-0.0001486052228603,0.000158262865797597
30.1,-0.000148748231796741,0.00015751711052195
30.2,-0.000148888648756224,0.000156771279822185
30.3,-0.000149026487373807,0.000156025378865556
30.4,-0.000149161761029132,0.000155279412448151
30.5,-0.00014929448282809,0.000154533385001924
30.6,-0.000149424665584798,0.000153787300604054
30.7,-0.000149552321804214,0.000153041162988579
30.8,-0.000149677463665686,0.000152294975560203
30.9,-0.000149800103007729,0.000151548741410164
31,-0.000149920251314299,0.000150802463333973
31.1,-0.00015003791970281,0.000150056143850839
31.2,-0.000150153118914106,0.000149309785224533
31.3,-0.000150265859304568,0.000148563389485428
31.4,-0.000150376150840509,0.000147816958453439
31.5,-0.000150484003094943,0.000147070493761547
31.6,-0.00015058942524682,0.000146323996879612
31.7,-0.000150692426082721,0.000145577469138127
31.8,-0.000150793014001009,0.000144830911751616
31.9,-0.000150891197018367,0.000144084325841342
32,-0.000150986982778617,0.000143337712457025
32.1,-0.000151080378563673,0.000142591072597285
32.2,-0.000151171391306455,0.000141844407228518
32.3,-0.000151260027605534,0.000141097717301984
32.4,-0.00015134629374128,0.00014035100376889
32.5,-0.000151430195693218,0.000139604267593266
32.6,-0.000151511739158319,0.000138857509762517
32.7,-0.000151590929569907,0.000138110731295536
32.8,-0.000151667772116855,0.000137363933248313
32.9,-0.000151742271762766,0.000136617116717029
33,-0.000151814433264785,0.000135870282838647
33.1,-0.000151884261191747,0.000135123432789085
33.2,-0.000151951759941341,0.000134376567779058
33.3,-0.000152016933756007,0.000133629689047754
33.4,-0.000152079786737291,0.000132882797854516
33.5,-0.000152140322858427,0.000132135895468764
33.6,-0.000152198545974923,0.00013138898315839
33.7,-0.000152254459832994,0.00013064206217691
33.8,-0.000152308068075688,0.000129895133749675
33.9,-0.000152359374246614,0.000129148199059436
34,-0.000152408381791227,0.000128401259231601
34.1,-0.000152455094055641,0.00012765431531951
34.2,-0.000152499514283012,0.00012690736829004
34.3,-0.000152541645607568,0.000126160419009881
34.4,-0.000152581491046387,0.000125413468232774
34.5,-0.00015261905348909,0.000124666516588006
34.6,-0.00015265433568564,0.000123919564570437
34.7,-0.000152687340232454,0.000123172612532283
34.8,-0.000152718069557108,0.000122425660676882
34.9,-0.000152746525901885,0.000121678709054604
35,-0.000152772711306485,0.000120931757561041
35.1,-0.000152796627590197,0.000120184805937581
35.2,-0.000152818276333857,0.000119437853774411
35.3,-0.000152837658861923,0.000118690900515957
35.4,-0.00015285477622498,0.000117943945468735
35.5,-0.000152869629182992,0.000117196987811535
35.6,-0.000152882218189612,0.000116450026607816
35.7,-0.000152892543377821,0.000115703060820161
35.8,-0.000152900604547151,0.0001149560893266
35.9,-0.000152906401152748,0.000114209110938574
36,-0.000152909932296437,0.000113462124420284
36.1,-0.000152911196719982,0.000112715128509154
36.2,-0.000152910192800648,0.000111968121937096
36.3,-0.000152906918549159,0.000111221103452289
36.4,-0.000152901371610076,0.000110474071841122
36.5,-0.000152893549264616,0.000109727025950004
36.6,-0.000152883448435851,0.0001089799647067
36.7,-0.000152871065696198,0.000108232887140894
36.8,-0.00015285639727709,0.000107485792403677
36.9,-0.000152839439080637,0.000106738679785674
37,-0.0001528201866931,0.000105991548733565
37.1,-0.00015279863539993,0.00010524439886477
37.2,-0.000152774780202109,0.0001044972299801
37.3,-0.000152748615833521,0.000103750042074222
37.4,-0.000152720136779043,0.000103002835343818
37.5,-0.000152689337293037,0.000102255610193363
37.6,-0.000152656211417929,0.000101508367238477
37.7,-0.000152620753002551,0.000100761107306874
37.8,-0.000152582955719909,0.000100013831436947
37.9,-0.000152542813084096,9.92665408740924e-05
38,-0.00015250031846603,9.85192370648985e-05
38.1,-0.00015245546510775,9.77719216493748e-05
38.2,-0.000152408246135031,9.7024596451433e-05
38.3,-0.000152358654568086,9.62772634678524e-05
38.4,-0.000152306683330171,9.55299248560016e-05
38.5,-0.00015225232525395,9.47825829206016e-05
38.6,-0.000152195573085511,9.40352400998429e-05
38.7,-0.000152136419485955,9.32878989511712e-05
38.8,-0.000152074857030543,9.25405621370716e-05
38.9,-0.000152010878205424,9.17932324111769e-05
39,-0.000151944475401979,9.10459126050239e-05
39.1,-0.000151875640908928,9.02986056157712e-05
39.2,-0.000151804366902292,8.95513143951721e-05
39.3,-0.000151730645433438,8.88040419400841e-05
39.4,-0.000151654468415388,8.80567912847576e-05
39.5,-0.000151575827607657,8.73095654951322e-05
39.6,-0.000151494714599883,8.65623676653194e-05
39.7,-0.000151411120794551,8.58152009164242e-05
39.8,-0.000151325037389117,8.50680683978151e-05
39.9,-0.000151236455357849,8.43209732909056e-05
40,-0.000151145365433727,8.35739188154776e-05
40.1,-0.000151051758090708,8.28269082385229e-05
40.2,-0.000150955623526704,8.20799448855421e-05
40.3,-0.000150856951647558,8.13330321542008e-05
40.4,-0.000150755732052319,8.05861735301942e-05
40.5,-0.000150651954020101,7.9839372605145e-05
40.6,-0.000150545606498742,7.9092633096315e-05
40.7,-0.000150436678095508,7.83459588678889e-05
40.8,-0.000150325157069991,7.75993539535574e-05
40.9,-0.000150211031329363,7.68528225801067e-05
41,-0.000150094288426083,7.61063691917095e-05
41.1,-0.0001499749155581,7.53599984745934e-05
41.2,-0.000149852899571591,7.46137153817686e-05
41.3,-0.000149728226966194,7.38675251574874e-05
41.4,-0.000149600883902665,7.3121433361123e-05
41.5,-0.000149470856212862,7.23754458901604e-05
41.6,-0.000149338129411884,7.16295690020136e-05
41.7,-0.000149202688712206,7.08838093344067e-05
41.8,-0.000149064519039566,7.01381739240792e-05
41.9,-0.000148923605050372,6.93926702236113e-05
42,-0.000148779931150353,6.86473061162003e-05
42.1,-0.000148633481514156,6.79020899282525e-05
42.2,-0.000148484240105584,6.71570304397015e-05
42.3,-0.000148332190698164,6.64121368920023e-05
42.4,-0.00014817731689572,6.56674189937934e-05
42.5,-0.000148019602152637,6.49228869242654e-05
42.6,-0.000147859029793502,6.41785513343113e-05
42.7,-0.000147695583031832,6.34344233455829e-05
42.8,-0.000147529244987615,6.26905145476072e-05
42.9,-0.000147359998703403,6.19468369931624e-05
43,-0.000147187827158738,6.1203403192137e-05
43.1,-0.00014701271328272,6.04602261041333e-05
43.2,-0.000146834639964563,5.97173191300901e-05
43.3,-0.000146653590062022,5.89746961032294e-05
43.4,-0.000146469546407612,5.82323712796397e-05
43.5,-0.00014628249181259,5.7490359328816e-05
43.6,-0.00014609240906872,5.67486753244842e-05
43.7,-0.000145899280947854,5.60073347360298e-05
43.8,-0.00014570309019945,5.52663534208454e-05
43.9,-0.000145503819546147,5.45257476178929e-05
44,-0.000145301451677586,5.37855339427629e-05
44.1,-0.000145095969242678,5.30457293844831e-05
44.2,-0.000144887354840581,5.23063513043007e-05
44.3,-0.000144675591010633,5.15674174366319e-05
44.4,-0.000144460660221565,5.08289458923314e-05
44.5,-0.000144242544860293,5.00909551644011e-05
44.6,-0.000144021227220612,4.93534641362065e-05
44.7,-0.000143796689492145,4.86164920922366e-05
44.8,-0.000143568913749868,4.78800587313909e-05
44.9,-0.000143337881944554,4.71441841827395e-05
45,-0.000143103575894447,4.64088890236529e-05
45.1,-0.000142865977278488,4.5674194300167e-05
45.2,-0.000142625067631379,4.4940121549398e-05
45.3,-0.000142380828340731,4.4206692823796e-05
45.4,-0.00014213324064655,4.34739307169871e-05
45.5,-0.000141882285643251,4.27418583909322e-05
45.6,-0.000141627944284357,4.20104996040983e-05
45.7,-0.000141370197390017,4.12798787403314e-05
45.8,-0.000141109025657416,4.05500208380943e-05
45.9,-0.000140844409674116,3.98209516197372e-05
46,-0.000140576329934331,3.90926975204581e-05
46.1,-0.000140304766858081,3.83652857166191e-05
46.2,-0.000140029700813134,3.76387441530918e-05
46.3,-0.000139751112139619,3.69131015693216e-05
46.4,-0.000139468981177124,3.61883875238205e-05
46.5,-0.000139183288294094,3.54646324168203e-05
46.6,-0.000138894013919291,3.4741867510853e-05
46.7,-0.000138601138575052,3.40201249490523e-05
46.8,-0.000138304642912068,3.32994377710092e-05
46.9,-0.000138004507745388,3.25798399260547e-05
47,-0.000137700714091342,3.18613662838795e-05
47.1,-0.000137393243205053,3.11440526424462e-05
47.2,-0.000137082076618239,3.04279357331897e-05
47.3,-0.000136767196176997,2.97130532235411e-05
47.4,-0.000136448584079251,2.89994437168562e-05
47.5,-0.000136126222911602,2.82871467498629e-05
47.6,-0.000135800095685316,2.75762027877806e-05
47.7,-0.000135470185871199,2.68666532172961e-05
47.8,-0.000135136477433182,2.61585403376119e-05
47.9,-0.000134798954860422,2.54519073498018e-05
48,-0.000134457603197795,2.4746798344736e-05
48.1,-0.000134112408074685,2.40432582898447e-05
48.2,-0.000133763355732018,2.3341333015004e-05
48.3,-0.000133410433047519,2.26410691978268e-05
48.4,-0.000133053627559231,2.19425143486425e-05
48.5,-0.000132692927487359,2.12457167954388e-05
48.6,-0.000132328321754549,2.05507256690275e-05
48.7,-0.000131959800004749,1.98575908886727e-05
48.8,-0.00013158735262083,1.91663631484027e-05
48.9,-0.000131210970741179,1.84770939041915e-05
49,-0.000130830646275506,1.77898353621665e-05
49.1,-0.000130446371920111,1.71046404679651e-05
49.2,-0.000130058141172899,1.64215628973159e-05
49.3,-0.000129665948348431,1.57406570478883e-05
49.4,-0.000129269788593292,1.50619780324053e-05
49.5,-0.000128869657902083,1.43855816729735e-05
49.6,-0.000128465553134314,1.3711524496539e-05
49.7,-0.000128057472032481,1.30398637313381e-05
49.8,-0.000127645413241575,1.23706573041685e-05
49.9,-0.000127229376330266,1.17039638382683e-05
50,-0.000126809361813971,1.10398426515581e-05
50.1,-0.000126385371179965,1.03783537549632e-05
50.2,-0.00012595740691469,9.71955785051319e-06
50.3,-0.000125525472533347,9.0635163288873e-06
50.4,-0.000125089572611827,8.4102912660614e-06
50.5,-0.000124649712820997,7.75994541869815e-06
50.6,-0.00012420589996328,7.11254221791644e-06
50.7,-0.000123758142011476,6.46814576107883e-06
50.8,-0.000123306448149656,5.82682080123964e-06
50.9,-0.00012285082881597,5.18863273391081e-06
51,-0.000122391295747138,4.5536475808206e-06
51.1,-0.000121927862024348,3.92193197036436e-06
51.2,-0.000121460542120269,3.29355311447697e-06
51.3,-0.000120989351946819,2.66857878169141e-06
51.4,-0.000120514308903331,2.04707726618499e-06
51.5,-0.000120035431924697,1.42911735266136e-06
51.6,-0.000119552741529092,8.1476827695882e-07
51.7,-0.000119066259864823,2.04099682326729e-07
51.8,-0.000118576010755863,-4.02818428638622e-07
51.9,-0.000118082019745636,-1.00591574635639e-06
52,-0.000117584314138584,-1.60512171082643e-06
52.1,-0.0001170829230391,-2.20036557225317e-06
52.2,-0.00011657787738741,-2.79157645553211e-06
52.3,-0.000116069209991988,-3.37868342835528e-06
52.4,-0.000115556955558157,-3.96161557265081e-06
52.5,-0.000115041150712526,-4.5403020590244e-06
52.6,-0.000114521834022965,-5.11467222384048e-06
52.7,-0.000113999046013864,-5.68465564854162e-06
52.8,-0.00011347282917646,-6.25018224078274e-06
52.9,-0.000112943227974061,-6.81118231693311e-06
53,-0.000112410288842065,-7.36758668548055e-06
53.1,-0.000111874060182692,-7.91932673086864e-06
53.2,-0.000111334592354428,-8.46633449728695e-06
53.3,-0.000110791937656217,-9.00854277194227e-06
53.4,-0.000110246150306487,-9.54588516734428e-06
53.5,-0.000109697286417149,-1.00782962021542e-05
53.6,-0.000109145403962762,-1.06057113801658e-05
53.7,-0.000108590562745078,-1.11280672670122e-05
53.8,-0.00010803282435325,-1.1645301564223e-05
53.9,-0.000107472252120001,-1.21573531802895e-05
54,-0.00010690891107409,-1.26641622984357e-05
54.1,-0.000106342867889443,-1.31656704408318e-05
54.2,-0.000105774190831327,-1.36618205290332e-05
54.3,-0.000105202949699969,-1.41525569404718e-05
54.4,-0.000104629215772036,-1.46378255608733e-05
54.5,-0.000104053061740372,-1.51175738325225e-05
54.6,-0.000103474561652434,-1.55917507983446e-05
54.7,-0.000102893790847802,-1.60603071418162e-05
54.8,-0.000102310825895179,-1.65231952227639e-05
54.9,-0.000101725744529248,-1.69803691091531e-05
55,-0.000101138625587749,-1.74317846050026e-05
55.1,-0.000100549548949094,-1.78773992746044e-05
55.2,-9.99585954708363e-05,-1.83171724632545e-05
55.3,-9.93658469292452e-05,-1.87510653147303e-05
55.4,-9.8771385960233e-05,-1.91790407857748e-05
55.5,-9.81752960018217e-05,-1.96010636578646e-05
55.6,-9.75776612383062e-05,-2.00171005465556e-05
55.7,-9.69785665462352e-05,-2.0427119908706e-05
55.8,-9.63780974422831e-05,-2.08310920478832e-05
55.9,-9.57763400330534e-05,-2.12289891182589e-05
56,-9.51733809668148e-05,-2.16207851272927e-05
